Name,PreviousWAR,ActualWAR,Difference,DifferenceRate
Frankie Montas,0.05,0.5,0.45,9
Jesse Chavez,0.025,0.2,0.175,7
Jake Odorizzi,0.05,0.4,0.35,7
Austin Voth,-0.05,0.275,0.325,6.5
Albert Abreu,-0.01,0.05,0.06,6
Dinelson Lamet,-0.033333333,0.15,0.183333333,5.500000045
Robert Stephenson,0.02,0.1,0.08,4
Aaron Sanchez,-0.05,0.15,0.2,4
Garrett Cleavinger,-0.066666667,0.2,0.266666667,3.999999985
Reyes Moronta,-0.04,0.1,0.14,3.5
Will Smith,-0.075,0.15,0.225,3
Jharel Cotton,-0.1,0.2,0.3,3
Colin Holderman,-0.1,0.133333333,0.233333333,2.33333333
Derek Law,-0.05,0.05,0.1,2
Tyler Cyr,-0.1,0.1,0.2,2
Dallas Keuchel,-0.075,0.05,0.125,1.666666667
Chi Chi Gonzalez,-0.15,0.1,0.25,1.666666667
Tucker Davidson,-0.2,0.05,0.25,1.25
Jordan Montgomery,0.325,0.7,0.375,1.153846154
Josh Hader,0.1,0.175,0.075,0.75
Mitch White,0.175,0.3,0.125,0.714285714
Chris Mazza,,-0.5,-0.5,0
T.J. Zeuch,,-0.5,-0.5,0
Luke Weaver,0.066666667,0.1,0.033333333,0.499999993
Manny Banuelos,0.066666667,0.1,0.033333333,0.499999993
Greg Holland,,-0.4,-0.4,0
Tayler Saucedo,,-0.4,-0.4,0
Thomas Szapucki,0,-0.4,-0.4,0
Justin Dunn,,-0.35,-0.35,0
Sergio Romo,-0.166666667,-0.1,0.066666667,0.400000001
Ethan Roberts,,-0.3,-0.3,0
Hunter Gaddis,,-0.3,-0.3,0
Jake Brentz,,-0.3,-0.3,0
R.J. Alvarez,,-0.3,-0.3,0
Thomas Hatch,,-0.3,-0.3,0
Alec Mills,,-0.25,-0.25,0
Darwinzon Hernandez,,-0.25,-0.25,0
Mike Mayers,,-0.25,-0.25,0
Matt Swarmer,,-0.233333333,-0.233333333,0
Sean Newcomb,-0.2,-0.15,0.05,0.25
A.J. Ladwig,,-0.2,-0.2,0
Aaron Brooks,,-0.2,-0.2,0
Alex Young,0.2,0,-0.2,0
Andrew Nardi,,-0.2,-0.2,0
Brendon Little,,-0.2,-0.2,0
Bryan Hoeing,,-0.2,-0.2,0
Eduard Bazardo,,-0.2,-0.2,0
Frank German,,-0.2,-0.2,0
Frank Schwindel,,-0.2,-0.2,0
Huascar Ynoa,,-0.2,-0.2,0
Jake Lemoine,,-0.2,-0.2,0
Jerad Eickhoff,,-0.2,-0.2,0
Matt Koch,,-0.2,-0.2,0
Sam Howard,,-0.2,-0.2,0
Spencer Howard,,-0.2,-0.2,0
Zack Britton,,-0.2,-0.2,0
Elvin Rodriguez,,-0.18,-0.18,0
Drew VerHagen,,-0.175,-0.175,0
Jake Diekman,-0.125,-0.1,0.025,0.2
Adam Oller,,-0.166666667,-0.166666667,0
Anderson Espinoza,,-0.166666667,-0.166666667,0
Vladimir Gutierrez,,-0.166666667,-0.166666667,0
Josh VanMeter,,-0.15,-0.15,0
Kohei Arihara,,-0.15,-0.15,0
Luis Patino,,-0.15,-0.15,0
Miguel Sanchez,,-0.15,-0.15,0
Norge Ruiz,,-0.15,-0.15,0
Phillip Diehl,,-0.15,-0.15,0
Ryan Burr,,-0.15,-0.15,0
Tommy Henry,,-0.15,-0.15,0
Tommy Milone,,-0.15,-0.15,0
Travis Lakins Sr.,,-0.15,-0.15,0
Genesis Cabrera,,-0.14,-0.14,0
Jose Alvarez,,-0.133333333,-0.133333333,0
Anthony Castro,,-0.125,-0.125,0
Hansel Robles,,-0.125,-0.125,0
Joe Smith,,-0.12,-0.12,0
Kirk McCarty,,-0.12,-0.12,0
Kolby Allard,,-0.12,-0.12,0
Noe Ramirez,,-0.12,-0.12,0
Trevor Kelley,,-0.12,-0.12,0
Caleb Smith,,-0.116666667,-0.116666667,0
Aaron Fletcher,,-0.1,-0.1,0
Adam Kolarek,,-0.1,-0.1,0
Albert Pujols,,-0.1,-0.1,0
Alexander Wells,,-0.1,-0.1,0
Angel Zerpa,,-0.1,-0.1,0
Arodys Vizcaino,,-0.1,-0.1,0
Bennett Sousa,,-0.1,-0.1,0
Brian Moran,,-0.1,-0.1,0
Bruce Zimmermann,,-0.1,-0.1,0
Bubby Rossman,,-0.1,-0.1,0
Casey Lawrence,,-0.1,-0.1,0
Chase Silseth,,-0.1,-0.1,0
Chris Ellis,,-0.1,-0.1,0
Cole Waites,,-0.1,-0.1,0
Connor Sadzeck,,-0.1,-0.1,0
Cory Abbott,,-0.1,-0.1,0
Daniel Duarte,,-0.1,-0.1,0
David McKay,0,-0.1,-0.1,0
Dee Strange-Gordon,,-0.1,-0.1,0
Dereck Rodriguez,,-0.1,-0.1,0
Donovan Walton,,-0.1,-0.1,0
Elieser Hernandez,,-0.1,-0.1,0
Garrett Hill,,-0.1,-0.1,0
Gerardo Reyes,,-0.1,-0.1,0
Hunter Dozier,,-0.1,-0.1,0
Ian Hamilton,,-0.1,-0.1,0
Ian Kennedy,,-0.1,-0.1,0
JC Mejia,,-0.1,-0.1,0
Jackson Kowar,,-0.1,-0.1,0
Jesus Cruz,,-0.1,-0.1,0
Jon Heasley,,-0.1,-0.1,0
Jose Butto,,-0.1,-0.1,0
Jose Marte,,-0.1,-0.1,0
Josh Rogers,,-0.1,-0.1,0
Josiah Gray,,-0.1,-0.1,0
Justin Bruihl,,-0.1,-0.1,0
Kaleb Ort,,-0.1,-0.1,0
Keynan Middleton,,-0.1,-0.1,0
Kirby Yates,,-0.1,-0.1,0
Locke St. John,,-0.1,-0.1,0
Logan Allen,0.1,0,-0.1,0
Luis Frias,,-0.1,-0.1,0
Luke Barker,,-0.1,-0.1,0
Luke Farrell,0,-0.1,-0.1,0
Manuel Rodriguez,,-0.1,-0.1,0
Max Meyer,,-0.1,-0.1,0
Max Schrock,,-0.1,-0.1,0
Michael A. Taylor,,-0.1,-0.1,0
Michael Feliz,,-0.1,-0.1,0
Mike Ford,,-0.1,-0.1,0
Nicklaus Snyder,,-0.1,-0.1,0
Nicky Lopez,,-0.1,-0.1,0
Noah Davis,,-0.1,-0.1,0
Oliver Perez,,-0.1,-0.1,0
Robbie Erlin,,-0.1,-0.1,0
Ronel Blanco,,-0.1,-0.1,0
Sam Clay,0,-0.1,-0.1,0
Sean Reid-Foley,,-0.1,-0.1,0
Spencer Patton,,-0.1,-0.1,0
Tyler Clippard,,-0.1,-0.1,0
Whit Merrifield,,-0.1,-0.1,0
Yennier Cano,0,-0.1,-0.1,0
Yu Chang,,-0.1,-0.1,0
Ralph Garza,,-0.08,-0.08,0
T.J. McFarland,,-0.08,-0.08,0
Tyler Duffey,,-0.08,-0.08,0
Jake Bird,,-0.075,-0.075,0
Michael Pineda,,-0.075,-0.075,0
Mike Minor,,-0.075,-0.075,0
Mychal Givens,0.075,0,-0.075,0
A.J. Alexy,,-0.066666667,-0.066666667,0
Andrew Kittredge,,-0.066666667,-0.066666667,0
Anthony Bender,,-0.066666667,-0.066666667,0
Austin Warren,,-0.066666667,-0.066666667,0
Brett Phillips,,-0.066666667,-0.066666667,0
Bryan Shaw,,-0.066666667,-0.066666667,0
Colin Poche,,-0.066666667,-0.066666667,0
Connor Seabold,,-0.066666667,-0.066666667,0
Dauri Moreta,,-0.066666667,-0.066666667,0
Elvis Peguero,,-0.066666667,-0.066666667,0
Erich Uelmen,,-0.066666667,-0.066666667,0
Francisco Perez,,-0.066666667,-0.066666667,0
Garrett Stubbs,,-0.066666667,-0.066666667,0
Jacob Barnes,0,-0.066666667,-0.066666667,0
Jared Solomon,,-0.066666667,-0.066666667,0
Kodi Whitley,,-0.066666667,-0.066666667,0
Nick Gordon,,-0.066666667,-0.066666667,0
Ronald Bolanos,,-0.066666667,-0.066666667,0
Wil Myers,,-0.066666667,-0.066666667,0
Yusei Kikuchi,,-0.066666667,-0.066666667,0
Aroldis Chapman,,-0.06,-0.06,0
Austin Davis,0.06,0,-0.06,0
Austin Pruitt,,-0.06,-0.06,0
Brandon Hughes,,-0.06,-0.06,0
Craig Stammen,,-0.06,-0.06,0
Miguel Yajure,,-0.06,-0.06,0
Sean Poppen,,-0.06,-0.06,0
Shawn Armstrong,0.06,0,-0.06,0
Tyler Danish,,-0.06,-0.06,0
Alejo Lopez,,-0.05,-0.05,0
Art Warren,,-0.05,-0.05,0
Austin Wynns,,-0.05,-0.05,0
Brennan Bernardino,,-0.05,-0.05,0
Chasen Shreve,,-0.05,-0.05,0
Diego Castillo (PIT),,-0.05,-0.05,0
Emilio Pagan,,-0.05,-0.05,0
Ernie Clement,,-0.05,-0.05,0
Ethan Small,,-0.05,-0.05,0
Francisco Morales,,-0.05,-0.05,0
Greg Weissert,,-0.05,-0.05,0
Hanser Alberto,,-0.05,-0.05,0
J.B. Wendelken,,-0.05,-0.05,0
Jackson Tetreault,,-0.05,-0.05,0
Jarlin Garcia,,-0.05,-0.05,0
Jason Alexander,,-0.05,-0.05,0
Jeremy Beasley,,-0.05,-0.05,0
Lucas Sims,,-0.05,-0.05,0
Luis Perdomo,,-0.05,-0.05,0
Luis Torrens,,-0.05,-0.05,0
Luke Bard,0,-0.05,-0.05,0
Matt Batten,,-0.05,-0.05,0
Max Castillo,0,-0.05,-0.05,0
Parker Markel,,-0.05,-0.05,0
Ray Kerr,,-0.05,-0.05,0
Sam Selman,,-0.05,-0.05,0
Silvino Bracho,,-0.05,-0.05,0
Tyler Gilbert,,-0.05,-0.05,0
Tyson Miller,,-0.05,-0.05,0
Xzavion Curry,,-0.05,-0.05,0
Yadier Molina,,-0.05,-0.05,0
Adrian Martinez,,-0.04,-0.04,0
Carlos Hernandez,,-0.04,-0.04,0
Oliver Ortega,,-0.04,-0.04,0
Sammy Long,,-0.04,-0.04,0
Stephen Nogosek,,-0.04,-0.04,0
Zach Logue,,-0.04,-0.04,0
Angel De Jesus,,-0.033333333,-0.033333333,0
Anibal Sanchez,,-0.033333333,-0.033333333,0
Blake Taylor,,-0.033333333,-0.033333333,0
Brandon Bielak,,-0.033333333,-0.033333333,0
Brent Suter,,-0.033333333,-0.033333333,0
Bryan Garcia,,-0.033333333,-0.033333333,0
Corbin Martin,,-0.033333333,-0.033333333,0
Joe Barlow,,-0.033333333,-0.033333333,0
Josh Harrison,,-0.033333333,-0.033333333,0
Justus Sheffield,,-0.033333333,-0.033333333,0
Kyle Muller,,-0.033333333,-0.033333333,0
Louis Head,0,-0.033333333,-0.033333333,0
Phil Maton,,-0.033333333,-0.033333333,0
Reed Garrett,,-0.033333333,-0.033333333,0
Reiver Sanmartin,,-0.033333333,-0.033333333,0
Rowan Wick,,-0.033333333,-0.033333333,0
Ryan Weber,,-0.033333333,-0.033333333,0
Sam Moll,,-0.033333333,-0.033333333,0
Steve Cishek,,-0.033333333,-0.033333333,0
Tanner Tully,,-0.033333333,-0.033333333,0
Wyatt Mills,0.033333333,0,-0.033333333,0
Zack Littell,,-0.033333333,-0.033333333,0
Anthony Gose,,-0.025,-0.025,0
Calvin Faucher,,-0.025,-0.025,0
Carson Kelly,,-0.025,-0.025,0
Chad Smith,,-0.025,-0.025,0
Cole Sands,,-0.025,-0.025,0
Dusten Knight,,-0.025,-0.025,0
James Naile,,-0.025,-0.025,0
Jared Koenig,,-0.025,-0.025,0
Josh Fleming,,-0.025,-0.025,0
Logan Gillaspie,,-0.025,-0.025,0
Rico Garcia,,-0.025,-0.025,0
Ross Detwiler,,-0.025,-0.025,0
Tommy Hunter,,-0.025,-0.025,0
Tyler Holton,,-0.025,-0.025,0
Luis Castillo,0.733333333,0.8,0.066666667,0.090909091
Collin Snider,,-0.02,-0.02,0
Corey Knebel,,-0.02,-0.02,0
Domingo Tapia,,-0.02,-0.02,0
Drew Smith,,-0.02,-0.02,0
Edwin Uceta,,-0.02,-0.02,0
Jose Cuas,,-0.02,-0.02,0
Nick Vespi,,-0.02,-0.02,0
Tyler Alexander,,-0.02,-0.02,0
Tyler Matzek,,-0.02,-0.02,0
Yoan Lopez,,-0.02,-0.02,0
Adonis Medina,,-0.016666667,-0.016666667,0
Andres Machado,,-0.016666667,-0.016666667,0
Anthony Banda,0.016666667,0,-0.016666667,0
Chase De Jong,,-0.016666667,-0.016666667,0
Cristopher Sanchez,,-0.016666667,-0.016666667,0
Domingo Acevedo,,-0.016666667,-0.016666667,0
Hunter Strickland,,-0.016666667,-0.016666667,0
Jhoulys Chacin,,-0.016666667,-0.016666667,0
Joey Krehbiel,,-0.016666667,-0.016666667,0
John King,,-0.016666667,-0.016666667,0
Jose Ruiz,,-0.016666667,-0.016666667,0
Kirby Snead,,-0.016666667,-0.016666667,0
Paolo Espino,,-0.016666667,-0.016666667,0
Steven Okert,,-0.016666667,-0.016666667,0
Trent Thornton,,-0.016666667,-0.016666667,0
Trevor Gott,,-0.016666667,-0.016666667,0
Wil Crowe,,-0.016666667,-0.016666667,0
Yunior Marte,,-0.016666667,-0.016666667,0
Ryan Tepera,,-4.63E-18,-4.63E-18,0
Alcides Escobar,,0,0,0
Alex Claudio,,0,0,0
Anderson Severino,,0,0,0
Andrelton Simmons,,0,0,0
Andrew Knizner,,0,0,0
Andrew Wantz,,0,0,0
Aneurys Zabala,,0,0,0
Anthony DeSclafani,,0,0,0
Anthony Kay,,0,0,0
Ashton Goudeau,,0,0,0
Austin Adams,,0,0,0
Austin Brice,,0,0,0
Beau Sulser,0,0,0,0
Blake Treinen,,0,0,0
Bowden Francis,,0,0,0
Brian Serven,,0,0,0
Caleb Kilian,,0,0,0
Cam Alldred,,0,0,0
Cesar Valdez,,0,0,0
Chad Pinder,,0,0,0
Charlie Culberson,,0,0,0
Chase Anderson,,0,0,0
Chris Devenski,0,0,0,0
Chris Owings,,0,0,0
Chris Stratton,0.1,0.1,0,0
Christian Bethancourt,0,0,0,0
Cody Poteet,,0,0,0
Cody Sedlock,,0,0,0
Cole Sulser,,0,0,0
Collin Wiles,,0,0,0
Conner Menez,,0,0,0
Corey Dickerson,,0,0,0
Cristofer Ogando,,0,0,0
Damon Jones,,0,0,0
Daniel Castano,,0,0,0
Danny Young,0,0,0,0
Darick Hall,,0,0,0
Darin Ruf,,0,0,0
Dillon Peters,,0,0,0
Drew Carlton,,0,0,0
Drew Steckenrider,,0,0,0
Easton McGee,,0,0,0
Ehire Adrianza,,0,0,0
Enoli Paredes,,0,0,0
Evan Lee,,0,0,0
Franmil Reyes,,0,0,0
Freddy Tarnok,,0,0,0
Gavin Hollowell,,0,0,0
Glenn Otto,,0,0,0
Gregory Santos,,0,0,0
Harold Castro,,0,0,0
Hirokazu Sawamura,,0,0,0
Huascar Brazoban,,0,0,0
Ildemaro Vargas,,0,0,0
JP Sears,0.1,0.1,0,0
JT Chargois,,0,0,0
Jace Peterson,,0,0,0
Jack Flaherty,,0,0,0
Jack Mayfield,,0,0,0
Jackie Bradley Jr.,,0,0,0
Jake Hager,,0,0,0
Jake Walsh,,0,0,0
Jay Jackson,,0,0,0
Jeremiah Estrada,,0,0,0
Jermaine Palacios,,0,0,0
Jesus Tinoco,,0,0,0
Jeurys Familia,-0.05,-0.05,0,0
Jonathan Hernandez,,0,0,0
Jordan Holloway,,0,0,0
Jordan Sheffield,,0,0,0
Jorge Alcala,,0,0,0
Jose Castillo,,0,0,0
Julian Merryweather,,0,0,0
Justin Grimm,,0,0,0
Justin Topa,,0,0,0
Ken Giles,,0,0,0
Kenny Rosenberg,,0,0,0
Kevin Plawecki,,0,0,0
Kody Clemens,,0,0,0
Kyle Dowdy,,0,0,0
Kyle Tyler,,0,0,0
Luis Cessa,,0,0,0
Luis Gonzalez,,0,0,0
Marco Gonzales,,0,0,0
Marwin Gonzalez,,0,0,0
Matt Dermody,,0,0,0
Matt Gage,,0,0,0
Matt Reynolds,,0,0,0
Matthew Liberatore,,0,0,0
Mauricio Llovera,,0,0,0
Michael Grove,,0,0,0
Michael Kelly,,0,0,0
Michael Plassmeyer,,0,0,0
Michael Rucker,,0,0,0
Michel Baez,,0,0,0
Miguel Diaz,,0,0,0
Mike Brosseau,,0,0,0
Nash Walters,,0,0,0
Nate Fisher,,0,0,0
Nicholas Padilla,,0,0,0
Nick Duron,,0,0,0
Nick Maton,,0,0,0
Nick Mears,,0,0,0
Nick Neidert,,0,0,0
Orlando Arcia,,0,0,0
Pablo Reyes,,0,0,0
Patrick Murphy,,0,0,0
Paul Fry,0,0,0,0
Pedro Avila,,0,0,0
Pedro Baez,,0,0,0
Phil Gosselin,,0,0,0
Randal Grichuk,,0,0,0
Raynel Espinal,,0,0,0
Reese McGuire,,0,0,0
Reiss Knehr,,0,0,0
Riley O'Brien,,0,0,0
Rob Zastryzny,0,0,0,0
Robert Gsellman,,0,0,0
Roenis Elias,,0,0,0
Ronny Henriquez,,0,0,0
Ryan Hendrix,,0,0,0
Ryan McKenna,,0,0,0
Ryan Pepiot,,0,0,0
Ryan Weathers,,0,0,0
Sam Coonrod,,0,0,0
Sandy Leon,,0,0,0
Shaun Anderson,,0,0,0
Sheldon Neuse,,0,0,0
Simeon Woods Richardson,,0,0,0
Stephen Strasburg,,0,0,0
Taylor Widener,,0,0,0
Tommy Kahnle,,0,0,0
Touki Toussaint,,0,0,0
Trevor May,,0,0,0
Tucker Barnhart,,0,0,0
Victor Caratini,,0,0,0
Vinny Nittoli,,0,0,0
William Woods,,0,0,0
Willians Astudillo,,0,0,0
Yerry De Los Santos,,0,0,0
Yerry Rodriguez,,0,0,0
Yolmer Sanchez,,0,0,0
Zac Lowther,,0,0,0
Zack Kelly,,0,0,0
Zack Weiss,,0,0,0
Jordan Weems,,5.55E-18,5.55E-18,0
Matthew Festa,,9.25E-18,9.25E-18,0
Brett Martin,,0.016666667,0.016666667,0
Bryse Wilson,,0.016666667,0.016666667,0
David Price,,0.016666667,0.016666667,0
Dominic Leone,,0.016666667,0.016666667,0
Jaime Barria,,0.016666667,0.016666667,0
Mark Leiter,,0.016666667,0.016666667,0
Matt Foster,,0.016666667,0.016666667,0
Phil Bickford,,0.016666667,0.016666667,0
Tim Mayza,,0.016666667,0.016666667,0
Trevor Richards,,0.016666667,0.016666667,0
Carl Edwards Jr.,,0.02,0.02,0
Josh Sborz,,0.02,0.02,0
Josh Winckowski,,0.02,0.02,0
Josh Winder,,0.02,0.02,0
Matt Wisler,,0.02,0.02,0
Miguel Castro,,0.02,0.02,0
Wily Peralta,,0.02,0.02,0
Darren O'Day,,0.025,0.025,0
Devin Smeltzer,,0.025,0.025,0
Jandel Gustave,,0.025,0.025,0
Mason Thompson,,0.025,0.025,0
Phillips Valdez,,0.025,0.025,0
Sean Hjelle,,0.025,0.025,0
Tanner Rainey,,0.025,0.025,0
Zack Thompson,,0.025,0.025,0
A.J. Puk,,0.033333333,0.033333333,0
Alex Colome,,0.033333333,0.033333333,0
Cam Vieaux,,0.033333333,0.033333333,0
Clarke Schmidt,,0.033333333,0.033333333,0
Drew Hutchison,,0.033333333,0.033333333,0
Eric Stout,-0.033333333,0,0.033333333,0
Gabe Speier,,0.033333333,0.033333333,0
Hyun-Jin Ryu,,0.033333333,0.033333333,0
Jake Fishman,,0.033333333,0.033333333,0
James Norwood,,0.033333333,0.033333333,0
Jeff Brigham,,0.033333333,0.033333333,0
Jose Cisnero,,0.033333333,0.033333333,0
Juan Minaya,,0.033333333,0.033333333,0
Mark Appel,,0.033333333,0.033333333,0
Nick Sandlin,,0.033333333,0.033333333,0
Nick Wittgren,,0.033333333,0.033333333,0
Steven Wilson,,0.033333333,0.033333333,0
Jose Quintana,0.9,0.575,-0.325,-0.361111111
Tommy Nance,,0.04,0.04,0
Aaron Loup,,0.05,0.05,0
Anthony Misiewicz,0,0.05,0.05,0
Beau Brieske,,0.05,0.05,0
Daniel Mengden,,0.05,0.05,0
Danny Coulombe,,0.05,0.05,0
Denyi Reyes,,0.05,0.05,0
Diego Castillo,,0.05,0.05,0
Foster Griffin,-0.05,0,0.05,0
Humberto Castellanos,,0.05,0.05,0
Jake McGee,-0.05,0,0.05,0
Jeff Hoffman,,0.05,0.05,0
Jhonathan Diaz,,0.05,0.05,0
Joan Adon,,0.05,0.05,0
Luis Castillo (DET),,0.05,0.05,0
Marcos Diplan,,0.05,0.05,0
Matt Barnes,,0.05,0.05,0
Parker Mushinski,,0.05,0.05,0
Rony Garcia,,0.05,0.05,0
Steven Brault,,0.05,0.05,0
Tanner Banks,,0.05,0.05,0
Tayler Scott,,0.05,0.05,0
Ty Blach,,0.05,0.05,0
Victor Arano,,0.05,0.05,0
Garrett Richards,,0.06,0.06,0
Jimmy Lambert,,0.06,0.06,0
Joel Kuhnel,,0.06,0.06,0
Jonathan Loaisiga,,0.06,0.06,0
Jordan Hicks,,0.06,0.06,0
Josh Staumont,,0.06,0.06,0
Konnor Pilkington,,0.06,0.06,0
Ryan Yarbrough,,0.06,0.06,0
Trevor Megill,,0.06,0.06,0
Archie Bradley,,0.066666667,0.066666667,0
Brad Hand,,0.066666667,0.066666667,0
Dylan Coleman,,0.066666667,0.066666667,0
Erasmo Ramirez,,0.066666667,0.066666667,0
Janson Junk,,0.066666667,0.066666667,0
Joely Rodriguez,,0.066666667,0.066666667,0
Kyle Crick,,0.066666667,0.066666667,0
Mark Melancon,,0.066666667,0.066666667,0
Packy Naughton,,0.066666667,0.066666667,0
Paul Sewald,,0.066666667,0.066666667,0
Ron Marinaccio,,0.066666667,0.066666667,0
Seth Lugo,,0.066666667,0.066666667,0
Seth Martinez,,0.066666667,0.066666667,0
Tim Hill,,0.066666667,0.066666667,0
Tony Santillan,,0.066666667,0.066666667,0
Will Vest,,0.066666667,0.066666667,0
Zach Thompson,,0.066666667,0.066666667,0
Aaron Bummer,,0.075,0.075,0
Adrian Morejon,,0.075,0.075,0
Mike Baumann,,0.075,0.075,0
Caleb Ferguson,,0.08,0.08,0
Ryan Thompson,,0.08,0.08,0
Carlos Estevez,,0.083333333,0.083333333,0
Chris Archer,,0.083333333,0.083333333,0
Dillon Tate,,0.083333333,0.083333333,0
Erick Fedde,,0.083333333,0.083333333,0
Jackson Stephens,,0.083333333,0.083333333,0
Jose Quijada,,0.083333333,0.083333333,0
Kyle Finnegan,,0.083333333,0.083333333,0
Kyle Nelson,,0.083333333,0.083333333,0
Madison Bumgarner,,0.083333333,0.083333333,0
Matt Strahm,,0.083333333,0.083333333,0
Nick Martinez,,0.083333333,0.083333333,0
Richard Bleier,,0.083333333,0.083333333,0
Tyler Rogers,,0.083333333,0.083333333,0
Vince Velasquez,,0.083333333,0.083333333,0
Amir Garrett,,0.1,0.1,0
Andre Pallante,,0.1,0.1,0
Angel Rondon,,0.1,0.1,0
Bailey Falter,,0.1,0.1,0
Bryce Montes de Oca,,0.1,0.1,0
Cade Cavalli,,0.1,0.1,0
Casey Mize,,0.1,0.1,0
Cody Morris,,0.1,0.1,0
Connor Brogdon,,0.1,0.1,0
Cooper Criswell,,0.1,0.1,0
Daniel Norris,-0.1,0,0.1,0
Gregory Soto,,0.1,0.1,0
Jake Cousins,,0.1,0.1,0
James Kaprielian,,0.1,0.1,0
Jhon Romero,,0.1,0.1,0
Junior Fernandez,-0.1,0,0.1,0
Justin Lawrence,,0.1,0.1,0
Kevin Herget,,0.1,0.1,0
Kris Bubic,,0.1,0.1,0
Kyle Hendricks,,0.1,0.1,0
Luis Ortiz (SFG),,0.1,0.1,0
Matt Peacock,-0.1,0,0.1,0
Matthew Boyd,,0.1,0.1,0
Mike Clevinger,,0.1,0.1,0
Penn Murfee,,0.1,0.1,0
Peter Strzelecki,,0.1,0.1,0
Phoenix Sanders,,0.1,0.1,0
Ryan Castellani,,0.1,0.1,0
Ryan Feltner,,0.1,0.1,0
Shane Baz,,0.1,0.1,0
Shane Greene,-0.1,0,0.1,0
Tanner Scott,,0.1,0.1,0
Trevor Williams,,0.1,0.1,0
Tyler Glasnow,,0.1,0.1,0
Alex Lange,,0.116666667,0.116666667,0
Andrew Chafin,,0.116666667,0.116666667,0
Brad Boxberger,,0.116666667,0.116666667,0
Brad Keller,,0.116666667,0.116666667,0
Dylan Bundy,,0.116666667,0.116666667,0
Hoby Milner,,0.116666667,0.116666667,0
Jalen Beeks,,0.116666667,0.116666667,0
Keegan Akin,,0.116666667,0.116666667,0
Kendall Graveman,,0.116666667,0.116666667,0
Kyle Bradish,,0.116666667,0.116666667,0
Lucas Luetge,,0.116666667,0.116666667,0
Davis Martin,,0.12,0.12,0
Jake Woodford,,0.12,0.12,0
Joe Kelly,,0.12,0.12,0
Lucas Gilbreath,,0.12,0.12,0
Robert Suarez,,0.12,0.12,0
Yency Almonte,,0.12,0.12,0
Dany Jimenez,,0.125,0.125,0
Yohan Ramirez,-0.125,0,0.125,0
Alex Faedo,,0.133333333,0.133333333,0
Brock Burke,,0.133333333,0.133333333,0
Brusdar Graterol,,0.133333333,0.133333333,0
Chad Kuhl,,0.133333333,0.133333333,0
Chris Flexen,,0.133333333,0.133333333,0
Cionel Perez,,0.133333333,0.133333333,0
Craig Kimbrel,,0.133333333,0.133333333,0
Daniel Lynch,,0.133333333,0.133333333,0
David Phelps,,0.133333333,0.133333333,0
Edward Cabrera,,0.133333333,0.133333333,0
Eli Morgan,,0.133333333,0.133333333,0
Jason Foley,,0.133333333,0.133333333,0
John Brebbia,,0.133333333,0.133333333,0
Nabil Crismatt,,0.133333333,0.133333333,0
Ryan Brasier,,0.133333333,0.133333333,0
Scott Barlow,,0.133333333,0.133333333,0
Taylor Clarke,,0.133333333,0.133333333,0
Yimi Garcia,,0.133333333,0.133333333,0
Dylan Floro,,0.14,0.14,0
Matt Brash,,0.14,0.14,0
Zach Davies,,0.14,0.14,0
David Robertson,0.15,0.125,-0.025,-0.166666667
Aaron Ashby,,0.15,0.15,0
Adam Cimber,,0.15,0.15,0
Adam Ottavino,,0.15,0.15,0
Chad Green,,0.15,0.15,0
Cole Ragans,,0.15,0.15,0
Dakota Hudson,,0.15,0.15,0
Dennis Santana,,0.15,0.15,0
Duane Underwood Jr.,,0.15,0.15,0
Dustin May,,0.15,0.15,0
Eduardo Rodriguez,,0.15,0.15,0
Enyel De Los Santos,,0.15,0.15,0
Griffin Jax,,0.15,0.15,0
Patrick Corbin,,0.15,0.15,0
Scott Alexander,,0.15,0.15,0
Trevor Rogers,,0.15,0.15,0
Wandy Peralta,,0.15,0.15,0
Zach Plesac,,0.15,0.15,0
Kutter Crawford,,0.16,0.16,0
Tanner Houck,,0.16,0.16,0
Brooks Raley,,0.166666667,0.166666667,0
Dane Dunning,,0.166666667,0.166666667,0
Joe Mantiply,,0.166666667,0.166666667,0
Jose Urquidy,,0.166666667,0.166666667,0
Keegan Thompson,,0.166666667,0.166666667,0
Kenley Jansen,,0.166666667,0.166666667,0
Nick Nelson,,0.166666667,0.166666667,0
Ryne Stanek,,0.166666667,0.166666667,0
Taylor Hearn,,0.166666667,0.166666667,0
Wade Miley,,0.166666667,0.166666667,0
Steven Matz,,0.175,0.175,0
Tylor Megill,,0.175,0.175,0
Zach Jackson,,0.18,0.18,0
Alexis Diaz,,0.183333333,0.183333333,0
Andrew Bellatti,,0.183333333,0.183333333,0
Austin Gomber,,0.183333333,0.183333333,0
Clay Holmes,,0.183333333,0.183333333,0
Jason Adam,,0.183333333,0.183333333,0
Roansy Contreras,,0.183333333,0.183333333,0
Sam Hentges,,0.183333333,0.183333333,0
Sean Manaea,,0.183333333,0.183333333,0
Seranthony Dominguez,,0.183333333,0.183333333,0
Spenser Watkins,,0.183333333,0.183333333,0
Tyler Beede,-0.05,-0.06,-0.01,-0.2
Adrian Houser,,0.2,0.2,0
Andre Jackson,,0.2,0.2,0
Chris Sale,,0.2,0.2,0
Cody Stashak,,0.2,0.2,0
DL Hall,,0.2,0.2,0
Daulton Jefferies,,0.2,0.2,0
Eric Lauer,,0.2,0.2,0
Ian Anderson,,0.2,0.2,0
Javier Assad,,0.2,0.2,0
Javy Guerra,-0.2,0,0.2,0
Jose Leclerc,,0.2,0.2,0
Jovani Moran,,0.2,0.2,0
Justin Wilson,,0.2,0.2,0
Kervin Castro,-0.2,0,0.2,0
Kyle Barraclough,,0.2,0.2,0
Louie Varland,,0.2,0.2,0
Luis Gil,,0.2,0.2,0
Matt Moore,,0.2,0.2,0
Max Kranick,,0.2,0.2,0
Michael Kopech,,0.2,0.2,0
Nathan Eovaldi,,0.2,0.2,0
Paul Blackburn,,0.2,0.2,0
Pierce Johnson,,0.2,0.2,0
Tyler Wells,,0.2,0.2,0
Yonny Chirinos,,0.2,0.2,0
Noah Syndergaard,0.5,0.3,-0.2,-0.4
Zach Pop,0.133333333,0.1,-0.033333333,-0.249999998
Aaron Civale,,0.216666667,0.216666667,0
Camilo Doval,,0.216666667,0.216666667,0
Felix Bautista,,0.216666667,0.216666667,0
Garrett Whitlock,,0.216666667,0.216666667,0
Jose Berrios,,0.216666667,0.216666667,0
Buck Farmer,,0.22,0.22,0
Dylan Lee,,0.22,0.22,0
Michael Lorenzen,,0.22,0.22,0
Alex Vesia,,0.233333333,0.233333333,0
Bryan Abreu,,0.233333333,0.233333333,0
Charlie Morton,,0.233333333,0.233333333,0
Collin McHugh,,0.233333333,0.233333333,0
Connor Overton,,0.233333333,0.233333333,0
David Peterson,,0.233333333,0.233333333,0
German Marquez,,0.233333333,0.233333333,0
Giovanny Gallegos,,0.233333333,0.233333333,0
Ian Gibaut,0,0.233333333,0.233333333,0
Jakob Junis,,0.233333333,0.233333333,0
Ryan Pressly,,0.233333333,0.233333333,0
Andrew Heaney,,0.24,0.24,0
Bryan Baker,,0.25,0.25,0
Hunter Harvey,,0.25,0.25,0
Jhoan Duran,,0.25,0.25,0
Joe Jimenez,,0.25,0.25,0
Joey Wentz,,0.25,0.25,0
Jordan Lyles,,0.25,0.25,0
Jorge Lopez,0,0.25,0.25,0
Luis Garcia (SDP),,0.25,0.25,0
Bryce Elder,,0.266666667,0.266666667,0
Caleb Thielbar,,0.266666667,0.266666667,0
Cole Irvin,,0.266666667,0.266666667,0
Daniel Hudson,,0.266666667,0.266666667,0
Domingo German,,0.266666667,0.266666667,0
Liam Hendriks,,0.266666667,0.266666667,0
Rafael Montero,,0.266666667,0.266666667,0
MacKenzie Gore,,0.275,0.275,0
Drew Smyly,,0.28,0.28,0
Graham Ashcraft,,0.28,0.28,0
Hector Neris,,0.283333333,0.283333333,0
Jordan Romano,,0.283333333,0.283333333,0
Nick Pivetta,,0.283333333,0.283333333,0
Adrian Sampson,,0.3,0.3,0
Antonio Senzatela,,0.3,0.3,0
David Bednar,,0.3,0.3,0
Erik Swanson,,0.3,0.3,0
Fernando Cruz,,0.3,0.3,0
John Means,,0.3,0.3,0
John Schreiber,,0.3,0.3,0
Jose Alvarado,,0.3,0.3,0
Jose Suarez,,0.3,0.3,0
Ken Waldichuk,,0.3,0.3,0
Kevin Ginkel,,0.3,0.3,0
Luis Ortiz,,0.3,0.3,0
Luis Severino,,0.3,0.3,0
Rich Hill,,0.3,0.3,0
Robbie Ray,,0.3,0.3,0
Ryne Nelson,,0.3,0.3,0
Sean Doolittle,,0.3,0.3,0
Trevor Stephan,,0.3,0.3,0
Tyler Kinley,,0.3,0.3,0
Chris Martin,0.6,0.125,-0.475,-0.791666667
Andres Munoz,,0.316666667,0.316666667,0
Daniel Bard,,0.316666667,0.316666667,0
Hunter Greene,,0.316666667,0.316666667,0
Lucas Giolito,,0.316666667,0.316666667,0
Ryan Helsley,,0.316666667,0.316666667,0
Jimmy Herget,,0.32,0.32,0
Michael Wacha,,0.32,0.32,0
A.J. Minter,,0.333333333,0.333333333,0
J.P. Feyereisen,,0.333333333,0.333333333,0
JT Brubaker,,0.333333333,0.333333333,0
James Karinchak,,0.333333333,0.333333333,0
Jon Gray,,0.333333333,0.333333333,0
Reynaldo Lopez,,0.333333333,0.333333333,0
Walker Buehler,,0.333333333,0.333333333,0
Zack Greinke,,0.333333333,0.333333333,0
Devin Williams,,0.35,0.35,0
Kyle Gibson,,0.35,0.35,0
Luis Garcia,,0.35,0.35,0
Marcus Stroman,,0.35,0.35,0
Mitch Keller,,0.35,0.35,0
Zach Eflin,,0.35,0.35,0
Alex Wood,,0.36,0.36,0
Raisel Iglesias,0.45,0.15,-0.3,-0.666666667
Johan Oviedo,0.6,0.05,-0.55,-0.916666667
Joe Ryan,,0.366666667,0.366666667,0
Matt Manning,,0.366666667,0.366666667,0
Bailey Ober,,0.375,0.375,0
Braxton Garrett,,0.375,0.375,0
Cal Quantrill,,0.383333333,0.383333333,0
Brayan Bello,,0.4,0.4,0
Evan Phillips,,0.4,0.4,0
Jameson Taillon,,0.4,0.4,0
Reid Detmers,,0.4,0.4,0
Shelby Miller,,0.4,0.4,0
Sonny Gray,,0.4,0.4,0
Carlos Carrasco,,0.416666667,0.416666667,0
Ranger Suarez,,0.416666667,0.416666667,0
Michael King,,0.425,0.425,0
Emmanuel Clase,,0.433333333,0.433333333,0
Pete Fairbanks,,0.433333333,0.433333333,0
Taijuan Walker,,0.433333333,0.433333333,0
Tony Gonsolin,,0.433333333,0.433333333,0
Chris Paddack,,0.45,0.45,0
Dean Kremer,,0.45,0.45,0
Kyle Freeland,,0.45,0.45,0
Lance McCullers Jr.,,0.45,0.45,0
Nick Lodolo,,0.45,0.45,0
Tyler Mahle,0.575,-0.05,-0.625,-1.086956522
Ryan Borucki,-0.066666667,-0.1,-0.033333333,-0.499999993
Chris Bassitt,,0.466666667,0.466666667,0
Miles Mikolas,,0.466666667,0.466666667,0
Lance Lynn,,0.475,0.475,0
Drew Rasmussen,,0.483333333,0.483333333,0
Kyle Wright,,0.483333333,0.483333333,0
Pablo Lopez,,0.483333333,0.483333333,0
Adam Wainwright,,0.5,0.5,0
Adbert Alzolay,,0.5,0.5,0
Brady Singer,,0.5,0.5,0
Drey Jameson,,0.5,0.5,0
Edwin Diaz,,0.5,0.5,0
Freddy Peralta,,0.5,0.5,0
Jeffrey Springs,,0.5,0.5,0
Johnny Cueto,,0.5,0.5,0
Corey Kluber,,0.516666667,0.516666667,0
Julio Urias,,0.516666667,0.516666667,0
Justin Steele,,0.52,0.52,0
Logan Gilbert,,0.533333333,0.533333333,0
Ross Stripling,,0.533333333,0.533333333,0
Joel Payamps,0.131,0.05,-0.081,-0.618320611
Jesus Luzardo,,0.55,0.55,0
Gerrit Cole,,0.566666667,0.566666667,0
Cristian Javier,,0.583333333,0.583333333,0
Joe Musgrove,,0.583333333,0.583333333,0
Merrill Kelly,,0.583333333,0.583333333,0
Nestor Cortes,,0.583333333,0.583333333,0
Scott Effross,0.3,0.05,-0.25,-0.833333333
Hunter Brown,,0.6,0.6,0
Shane McClanahan,,0.6,0.6,0
Tarik Skubal,,0.6,0.6,0
Alex Cobb,,0.616666667,0.616666667,0
Blake Snell,,0.616666667,0.616666667,0
Triston McKenzie,,0.616666667,0.616666667,0
Brandon Woodruff,,0.633333333,0.633333333,0
Martin Perez,,0.65,0.65,0
Patrick Sandoval,,0.65,0.65,0
Clayton Kershaw,,0.666666667,0.666666667,0
Tyler Anderson,,0.666666667,0.666666667,0
Lou Trivino,0.1,0.025,-0.075,-0.75
George Kirby,,0.68,0.68,0
Alek Manoah,,0.7,0.7,0
Hayden Wesneski,,0.7,0.7,0
Logan Webb,,0.7,0.7,0
Yu Darvish,,0.716666667,0.716666667,0
Zack Wheeler,,0.716666667,0.716666667,0
Zac Gallen,,0.733333333,0.733333333,0
Anthony Bass,0.35,-0.05,-0.4,-1.142857143
Corbin Burnes,,0.75,0.75,0
Dylan Cease,,0.75,0.75,0
Framber Valdez,,0.75,0.75,0
Shane Bieber,,0.816666667,0.816666667,0
Spencer Strider,,0.833333333,0.833333333,0
Max Fried,,0.85,0.85,0
Taylor Rogers,0.325,-0.1,-0.425,-1.307692308
Max Scherzer,,0.9,0.9,0
Jose Urena,0.3,-0.1,-0.4,-1.333333333
Shohei Ohtani,,0.95,0.95,0
Jimmy Yacabonis,-0.05,-0.1,-0.05,-1
JoJo Romero,-0.05,-0.1,-0.05,-1
Sandy Alcantara,,0.983333333,0.983333333,0
Kevin Gausman,,1,1,0
Justin Verlander,,1.033333333,1.033333333,0
Aaron Nola,,1.05,1.05,0
Carlos Rodon,,1.066666667,1.066666667,0
Jacob deGrom,,1.1,1.1,0
Michael Fulmer,0.16,-0.05,-0.21,-1.3125
Andrew Vasquez,0.1,-0.033333333,-0.133333333,-1.33333333
Robert Dugger,0.1,-0.05,-0.15,-1.5
Tommy Romero,-0.15,-0.4,-0.25,-1.666666667
Jake Reed,0.066666667,-0.15,-0.216666667,-3.249999989
Matt Bush,0.075,-0.2,-0.275,-3.666666667
Heath Hembree,-0.05,-0.233333333,-0.183333333,-3.66666666
Tyler Thornburg,0.05,-0.2,-0.25,-5
